Date,DayOfWeek,IsWeekend,Zone_Type,Bin_ID,Waste_Weight_Kg
2025-01-01,2,0,1,bin_van_phong_01,10808.5
2025-01-01,2,0,1,bin_van_phong_02,10895.3
2025-01-01,2,0,0,bin_dan_cu_01,4767.1
2025-01-01,2,0,0,bin_dan_cu_02,4833.1
2025-01-02,3,0,1,bin_van_phong_01,10617.3
2025-01-02,3,0,1,bin_van_phong_02,9690.0
2025-01-02,3,0,0,bin_dan_cu_01,5947.6
2025-01-02,3,0,0,bin_dan_cu_02,5208.7
2025-01-03,4,0,1,bin_van_phong_01,11848.5
2025-01-03,4,0,1,bin_van_phong_02,11186.2
2025-01-03,4,0,0,bin_dan_cu_01,6040.9
2025-01-03,4,0,0,bin_dan_cu_02,4771.7
2025-01-04,5,1,1,bin_van_phong_01,1584.5
2025-01-04,5,1,1,bin_van_phong_02,1228.4
2025-01-04,5,1,0,bin_dan_cu_01,8489.7
2025-01-04,5,1,0,bin_dan_cu_02,9246.7
2025-01-05,6,1,1,bin_van_phong_01,1496.2
2025-01-05,6,1,1,bin_van_phong_02,1586.9
2025-01-05,6,1,0,bin_dan_cu_01,9608.5
2025-01-05,6,1,0,bin_dan_cu_02,9961.4
2025-01-06,0,0,1,bin_van_phong_01,10675.6
2025-01-06,0,0,1,bin_van_phong_02,9228.1
2025-01-06,0,0,0,bin_dan_cu_01,4991.2
2025-01-06,0,0,0,bin_dan_cu_02,5923.4
2025-01-07,1,0,1,bin_van_phong_01,9447.2
2025-01-07,1,0,1,bin_van_phong_02,11562.5
2025-01-07,1,0,0,bin_dan_cu_01,5738.3
2025-01-07,1,0,0,bin_dan_cu_02,4823.4
2025-01-08,2,0,1,bin_van_phong_01,9182.2
2025-01-08,2,0,1,bin_van_phong_02,10274.8
2025-01-08,2,0,0,bin_dan_cu_01,5055.2
2025-01-08,2,0,0,bin_dan_cu_02,5724.9
2025-01-09,3,0,1,bin_van_phong_01,12001.0
2025-01-09,3,0,1,bin_van_phong_02,9306.4
2025-01-09,3,0,0,bin_dan_cu_01,4825.7
2025-01-09,3,0,0,bin_dan_cu_02,5749.7
2025-01-10,4,0,1,bin_van_phong_01,10748.8
2025-01-10,4,0,1,bin_van_phong_02,10438.3
2025-01-10,4,0,0,bin_dan_cu_01,6052.1
2025-01-10,4,0,0,bin_dan_cu_02,5391.6
2025-01-11,5,1,1,bin_van_phong_01,1354.5
2025-01-11,5,1,1,bin_van_phong_02,1399.6
2025-01-11,5,1,0,bin_dan_cu_01,10451.2
2025-01-11,5,1,0,bin_dan_cu_02,8970.0
2025-01-12,6,1,1,bin_van_phong_01,1421.8
2025-01-12,6,1,1,bin_van_phong_02,1591.6
2025-01-12,6,1,0,bin_dan_cu_01,10813.7
2025-01-12,6,1,0,bin_dan_cu_02,11198.2
2025-01-13,0,0,1,bin_van_phong_01,9172.5
2025-01-13,0,0,1,bin_van_phong_02,10988.8
2025-01-13,0,0,0,bin_dan_cu_01,4775.0
2025-01-13,0,0,0,bin_dan_cu_02,5027.9
2025-01-14,1,0,1,bin_van_phong_01,11727.5
2025-01-14,1,0,1,bin_van_phong_02,9207.7
2025-01-14,1,0,0,bin_dan_cu_01,6407.6
2025-01-14,1,0,0,bin_dan_cu_02,5220.3
2025-01-15,2,0,1,bin_van_phong_01,10893.1
2025-01-15,2,0,1,bin_van_phong_02,10486.2
2025-01-15,2,0,0,bin_dan_cu_01,5105.2
2025-01-15,2,0,0,bin_dan_cu_02,5679.0
2025-01-16,3,0,1,bin_van_phong_01,11307.8
2025-01-16,3,0,1,bin_van_phong_02,12053.1
2025-01-16,3,0,0,bin_dan_cu_01,4870.6
2025-01-16,3,0,0,bin_dan_cu_02,4901.7
2025-01-17,4,0,1,bin_van_phong_01,10514.1
2025-01-17,4,0,1,bin_van_phong_02,10212.7
2025-01-17,4,0,0,bin_dan_cu_01,4762.8
2025-01-17,4,0,0,bin_dan_cu_02,5546.0
2025-01-18,5,1,1,bin_van_phong_01,1429.8
2025-01-18,5,1,1,bin_van_phong_02,1220.5
2025-01-18,5,1,0,bin_dan_cu_01,8706.2
2025-01-18,5,1,0,bin_dan_cu_02,8802.9
2025-01-19,6,1,1,bin_van_phong_01,1395.9
2025-01-19,6,1,1,bin_van_phong_02,1294.6
2025-01-19,6,1,0,bin_dan_cu_01,10900.6
2025-01-19,6,1,0,bin_dan_cu_02,9647.9
2025-01-20,0,0,1,bin_van_phong_01,9565.9
2025-01-20,0,0,1,bin_van_phong_02,9441.6
2025-01-20,0,0,0,bin_dan_cu_01,4875.4
2025-01-20,0,0,0,bin_dan_cu_02,4940.5
2025-01-21,1,0,1,bin_van_phong_01,11755.3
2025-01-21,1,0,1,bin_van_phong_02,9471.7
2025-01-21,1,0,0,bin_dan_cu_01,5103.4
2025-01-21,1,0,0,bin_dan_cu_02,5122.3
2025-01-22,2,0,1,bin_van_phong_01,12011.1
2025-01-22,2,0,1,bin_van_phong_02,11649.5
2025-01-22,2,0,0,bin_dan_cu_01,4906.0
2025-01-22,2,0,0,bin_dan_cu_02,5893.7
2025-01-23,3,0,1,bin_van_phong_01,11554.2
2025-01-23,3,0,1,bin_van_phong_02,9628.6
2025-01-23,3,0,0,bin_dan_cu_01,5871.4
2025-01-23,3,0,0,bin_dan_cu_02,5425.1
2025-01-24,4,0,1,bin_van_phong_01,11598.9
2025-01-24,4,0,1,bin_van_phong_02,10048.4
2025-01-24,4,0,0,bin_dan_cu_01,4993.6
2025-01-24,4,0,0,bin_dan_cu_02,4849.6
2025-01-25,5,1,1,bin_van_phong_01,1306.0
2025-01-25,5,1,1,bin_van_phong_02,1567.4
2025-01-25,5,1,0,bin_dan_cu_01,8498.2
2025-01-25,5,1,0,bin_dan_cu_02,9638.7
2025-01-26,6,1,1,bin_van_phong_01,1373.7
2025-01-26,6,1,1,bin_van_phong_02,1330.3
2025-01-26,6,1,0,bin_dan_cu_01,9904.1
2025-01-26,6,1,0,bin_dan_cu_02,10406.3
2025-01-27,0,0,1,bin_van_phong_01,11863.2
2025-01-27,0,0,1,bin_van_phong_02,9518.2
2025-01-27,0,0,0,bin_dan_cu_01,6310.7
2025-01-27,0,0,0,bin_dan_cu_02,5090.4
2025-01-28,1,0,1,bin_van_phong_01,11545.4
2025-01-28,1,0,1,bin_van_phong_02,10209.7
2025-01-28,1,0,0,bin_dan_cu_01,6335.6
2025-01-28,1,0,0,bin_dan_cu_02,5821.2
2025-01-29,2,0,1,bin_van_phong_01,9376.8
2025-01-29,2,0,1,bin_van_phong_02,10416.5
2025-01-29,2,0,0,bin_dan_cu_01,5661.3
2025-01-29,2,0,0,bin_dan_cu_02,5797.9
2025-01-30,3,0,1,bin_van_phong_01,9904.2
2025-01-30,3,0,1,bin_van_phong_02,10801.6
2025-01-30,3,0,0,bin_dan_cu_01,5181.8
2025-01-30,3,0,0,bin_dan_cu_02,5169.6
2025-01-31,4,0,1,bin_van_phong_01,9718.1
2025-01-31,4,0,1,bin_van_phong_02,9576.0
2025-01-31,4,0,0,bin_dan_cu_01,6119.8
2025-01-31,4,0,0,bin_dan_cu_02,6298.4
2025-02-01,5,1,1,bin_van_phong_01,1324.5
2025-02-01,5,1,1,bin_van_phong_02,1223.1
2025-02-01,5,1,0,bin_dan_cu_01,8643.0
2025-02-01,5,1,0,bin_dan_cu_02,8838.0
2025-02-02,6,1,1,bin_van_phong_01,1229.7
2025-02-02,6,1,1,bin_van_phong_02,1556.5
2025-02-02,6,1,0,bin_dan_cu_01,9801.3
2025-02-02,6,1,0,bin_dan_cu_02,8450.2
2025-02-03,0,0,1,bin_van_phong_01,10289.3
2025-02-03,0,0,1,bin_van_phong_02,11882.4
2025-02-03,0,0,0,bin_dan_cu_01,5143.5
2025-02-03,0,0,0,bin_dan_cu_02,6041.1
2025-02-04,1,0,1,bin_van_phong_01,11944.8
2025-02-04,1,0,1,bin_van_phong_02,9269.0
2025-02-04,1,0,0,bin_dan_cu_01,6353.9
2025-02-04,1,0,0,bin_dan_cu_02,6045.3
2025-02-05,2,0,1,bin_van_phong_01,10249.7
2025-02-05,2,0,1,bin_van_phong_02,11507.7
2025-02-05,2,0,0,bin_dan_cu_01,6359.5
2025-02-05,2,0,0,bin_dan_cu_02,6339.1
2025-02-06,3,0,1,bin_van_phong_01,10450.0
2025-02-06,3,0,1,bin_van_phong_02,11028.6
2025-02-06,3,0,0,bin_dan_cu_01,5993.8
2025-02-06,3,0,0,bin_dan_cu_02,6337.7
2025-02-07,4,0,1,bin_van_phong_01,9456.4
2025-02-07,4,0,1,bin_van_phong_02,10774.0
2025-02-07,4,0,0,bin_dan_cu_01,5587.8
2025-02-07,4,0,0,bin_dan_cu_02,5132.7
2025-02-08,5,1,1,bin_van_phong_01,1442.7
2025-02-08,5,1,1,bin_van_phong_02,1425.8
2025-02-08,5,1,0,bin_dan_cu_01,11180.0
2025-02-08,5,1,0,bin_dan_cu_02,9546.1
2025-02-09,6,1,1,bin_van_phong_01,1220.2
2025-02-09,6,1,1,bin_van_phong_02,1321.8
2025-02-09,6,1,0,bin_dan_cu_01,10697.4
2025-02-09,6,1,0,bin_dan_cu_02,8367.8
2025-02-10,0,0,1,bin_van_phong_01,10465.4
2025-02-10,0,0,1,bin_van_phong_02,11409.6
2025-02-10,0,0,0,bin_dan_cu_01,4929.9
2025-02-10,0,0,0,bin_dan_cu_02,5707.5
2025-02-11,1,0,1,bin_van_phong_01,9899.9
2025-02-11,1,0,1,bin_van_phong_02,10055.3
2025-02-11,1,0,0,bin_dan_cu_01,5824.3
2025-02-11,1,0,0,bin_dan_cu_02,6399.9
2025-02-12,2,0,1,bin_van_phong_01,11995.1
2025-02-12,2,0,1,bin_van_phong_02,11288.6
2025-02-12,2,0,0,bin_dan_cu_01,6010.9
2025-02-12,2,0,0,bin_dan_cu_02,6251.6
2025-02-13,3,0,1,bin_van_phong_01,11205.4
2025-02-13,3,0,1,bin_van_phong_02,11324.7
2025-02-13,3,0,0,bin_dan_cu_01,4962.7
2025-02-13,3,0,0,bin_dan_cu_02,5663.4
2025-02-14,4,0,1,bin_van_phong_01,11019.3
2025-02-14,4,0,1,bin_van_phong_02,9712.2
2025-02-14,4,0,0,bin_dan_cu_01,5383.0
2025-02-14,4,0,0,bin_dan_cu_02,5024.9
2025-02-15,5,1,1,bin_van_phong_01,1388.1
2025-02-15,5,1,1,bin_van_phong_02,1195.7
2025-02-15,5,1,0,bin_dan_cu_01,9365.4
2025-02-15,5,1,0,bin_dan_cu_02,9321.3
2025-02-16,6,1,1,bin_van_phong_01,1516.6
2025-02-16,6,1,1,bin_van_phong_02,1261.8
2025-02-16,6,1,0,bin_dan_cu_01,10901.3
2025-02-16,6,1,0,bin_dan_cu_02,8680.5
2025-02-17,0,0,1,bin_van_phong_01,11029.4
2025-02-17,0,0,1,bin_van_phong_02,8934.0
2025-02-17,0,0,0,bin_dan_cu_01,6364.4
2025-02-17,0,0,0,bin_dan_cu_02,5365.1
2025-02-18,1,0,1,bin_van_phong_01,10710.6
2025-02-18,1,0,1,bin_van_phong_02,9511.9
2025-02-18,1,0,0,bin_dan_cu_01,5933.7
2025-02-18,1,0,0,bin_dan_cu_02,6263.4
2025-02-19,2,0,1,bin_van_phong_01,10477.3
2025-02-19,2,0,1,bin_van_phong_02,11070.9
2025-02-19,2,0,0,bin_dan_cu_01,4834.2
2025-02-19,2,0,0,bin_dan_cu_02,5566.5
2025-02-20,3,0,1,bin_van_phong_01,9714.2
2025-02-20,3,0,1,bin_van_phong_02,11732.4
2025-02-20,3,0,0,bin_dan_cu_01,6189.2
2025-02-20,3,0,0,bin_dan_cu_02,5091.7
2025-02-21,4,0,1,bin_van_phong_01,10452.1
2025-02-21,4,0,1,bin_van_phong_02,9201.8
2025-02-21,4,0,0,bin_dan_cu_01,5549.8
2025-02-21,4,0,0,bin_dan_cu_02,4963.0
2025-02-22,5,1,1,bin_van_phong_01,1462.5
2025-02-22,5,1,1,bin_van_phong_02,1287.6
2025-02-22,5,1,0,bin_dan_cu_01,11111.1
2025-02-22,5,1,0,bin_dan_cu_02,10427.1
2025-02-23,6,1,1,bin_van_phong_01,1388.1
2025-02-23,6,1,1,bin_van_phong_02,1382.9
2025-02-23,6,1,0,bin_dan_cu_01,10383.5
2025-02-23,6,1,0,bin_dan_cu_02,9726.9
2025-02-24,0,0,1,bin_van_phong_01,9667.8
2025-02-24,0,0,1,bin_van_phong_02,11881.0
2025-02-24,0,0,0,bin_dan_cu_01,5164.0
2025-02-24,0,0,0,bin_dan_cu_02,6276.9
2025-02-25,1,0,1,bin_van_phong_01,11562.0
2025-02-25,1,0,1,bin_van_phong_02,11375.9
2025-02-25,1,0,0,bin_dan_cu_01,5781.2
2025-02-25,1,0,0,bin_dan_cu_02,5460.3
2025-02-26,2,0,1,bin_van_phong_01,9825.4
2025-02-26,2,0,1,bin_van_phong_02,11460.0
2025-02-26,2,0,0,bin_dan_cu_01,5489.6
2025-02-26,2,0,0,bin_dan_cu_02,5867.6
2025-02-27,3,0,1,bin_van_phong_01,10281.4
2025-02-27,3,0,1,bin_van_phong_02,9568.2
2025-02-27,3,0,0,bin_dan_cu_01,5059.9
2025-02-27,3,0,0,bin_dan_cu_02,5383.6
2025-02-28,4,0,1,bin_van_phong_01,10922.5
2025-02-28,4,0,1,bin_van_phong_02,11881.3
2025-02-28,4,0,0,bin_dan_cu_01,6291.8
2025-02-28,4,0,0,bin_dan_cu_02,6207.6
2025-03-01,5,1,1,bin_van_phong_01,1585.0
2025-03-01,5,1,1,bin_van_phong_02,1324.9
2025-03-01,5,1,0,bin_dan_cu_01,8425.5
2025-03-01,5,1,0,bin_dan_cu_02,8908.2
2025-03-02,6,1,1,bin_van_phong_01,1547.2
2025-03-02,6,1,1,bin_van_phong_02,1400.9
2025-03-02,6,1,0,bin_dan_cu_01,10459.7
2025-03-02,6,1,0,bin_dan_cu_02,8727.1
2025-03-03,0,0,1,bin_van_phong_01,9270.4
2025-03-03,0,0,1,bin_van_phong_02,10030.1
2025-03-03,0,0,0,bin_dan_cu_01,4824.5
2025-03-03,0,0,0,bin_dan_cu_02,5726.1
2025-03-04,1,0,1,bin_van_phong_01,11992.2
2025-03-04,1,0,1,bin_van_phong_02,9897.7
2025-03-04,1,0,0,bin_dan_cu_01,4958.4
2025-03-04,1,0,0,bin_dan_cu_02,5141.2
2025-03-05,2,0,1,bin_van_phong_01,11068.7
2025-03-05,2,0,1,bin_van_phong_02,10524.7
2025-03-05,2,0,0,bin_dan_cu_01,5473.4
2025-03-05,2,0,0,bin_dan_cu_02,6126.3
2025-03-06,3,0,1,bin_van_phong_01,9610.0
2025-03-06,3,0,1,bin_van_phong_02,9324.6
2025-03-06,3,0,0,bin_dan_cu_01,5946.3
2025-03-06,3,0,0,bin_dan_cu_02,5100.4
2025-03-07,4,0,1,bin_van_phong_01,9621.2
2025-03-07,4,0,1,bin_van_phong_02,10795.6
2025-03-07,4,0,0,bin_dan_cu_01,5980.3
2025-03-07,4,0,0,bin_dan_cu_02,6227.9
2025-03-08,5,1,1,bin_van_phong_01,1303.9
2025-03-08,5,1,1,bin_van_phong_02,1460.1
2025-03-08,5,1,0,bin_dan_cu_01,10877.3
2025-03-08,5,1,0,bin_dan_cu_02,10515.3
2025-03-09,6,1,1,bin_van_phong_01,1190.1
2025-03-09,6,1,1,bin_van_phong_02,1456.2
2025-03-09,6,1,0,bin_dan_cu_01,9946.3
2025-03-09,6,1,0,bin_dan_cu_02,11088.4
2025-03-10,0,0,1,bin_van_phong_01,10589.6
2025-03-10,0,0,1,bin_van_phong_02,9480.1
2025-03-10,0,0,0,bin_dan_cu_01,5158.7
2025-03-10,0,0,0,bin_dan_cu_02,5205.5
2025-03-11,1,0,1,bin_van_phong_01,10594.8
2025-03-11,1,0,1,bin_van_phong_02,11323.9
2025-03-11,1,0,0,bin_dan_cu_01,5160.7
2025-03-11,1,0,0,bin_dan_cu_02,5426.7
2025-03-12,2,0,1,bin_van_phong_01,11925.7
2025-03-12,2,0,1,bin_van_phong_02,11637.5
2025-03-12,2,0,0,bin_dan_cu_01,5145.4
2025-03-12,2,0,0,bin_dan_cu_02,5907.6
2025-03-13,3,0,1,bin_van_phong_01,9739.8
2025-03-13,3,0,1,bin_van_phong_02,10596.8
2025-03-13,3,0,0,bin_dan_cu_01,5268.7
2025-03-13,3,0,0,bin_dan_cu_02,4831.6
2025-03-14,4,0,1,bin_van_phong_01,11686.2
2025-03-14,4,0,1,bin_van_phong_02,9922.2
2025-03-14,4,0,0,bin_dan_cu_01,6382.8
2025-03-14,4,0,0,bin_dan_cu_02,5248.3
2025-03-15,5,1,1,bin_van_phong_01,1335.6
2025-03-15,5,1,1,bin_van_phong_02,1453.5
2025-03-15,5,1,0,bin_dan_cu_01,9501.2
2025-03-15,5,1,0,bin_dan_cu_02,9563.0
2025-03-16,6,1,1,bin_van_phong_01,1567.1
2025-03-16,6,1,1,bin_van_phong_02,1245.2
2025-03-16,6,1,0,bin_dan_cu_01,9372.4
2025-03-16,6,1,0,bin_dan_cu_02,9315.5
2025-03-17,0,0,1,bin_van_phong_01,11013.6
2025-03-17,0,0,1,bin_van_phong_02,10799.1
2025-03-17,0,0,0,bin_dan_cu_01,5861.2
2025-03-17,0,0,0,bin_dan_cu_02,5296.2
2025-03-18,1,0,1,bin_van_phong_01,9908.4
2025-03-18,1,0,1,bin_van_phong_02,9823.2
2025-03-18,1,0,0,bin_dan_cu_01,5875.5
2025-03-18,1,0,0,bin_dan_cu_02,5559.8
2025-03-19,2,0,1,bin_van_phong_01,10079.1
2025-03-19,2,0,1,bin_van_phong_02,11423.9
2025-03-19,2,0,0,bin_dan_cu_01,5316.2
2025-03-19,2,0,0,bin_dan_cu_02,5294.4
2025-03-20,3,0,1,bin_van_phong_01,11846.1
2025-03-20,3,0,1,bin_van_phong_02,9789.0
2025-03-20,3,0,0,bin_dan_cu_01,6142.0
2025-03-20,3,0,0,bin_dan_cu_02,5154.3
2025-03-21,4,0,1,bin_van_phong_01,11560.1
2025-03-21,4,0,1,bin_van_phong_02,11481.4
2025-03-21,4,0,0,bin_dan_cu_01,5037.8
2025-03-21,4,0,0,bin_dan_cu_02,6332.1
2025-03-22,5,1,1,bin_van_phong_01,1595.9
2025-03-22,5,1,1,bin_van_phong_02,1506.0
2025-03-22,5,1,0,bin_dan_cu_01,9595.8
2025-03-22,5,1,0,bin_dan_cu_02,11006.1
2025-03-23,6,1,1,bin_van_phong_01,1537.6
2025-03-23,6,1,1,bin_van_phong_02,1336.5
2025-03-23,6,1,0,bin_dan_cu_01,11024.3
2025-03-23,6,1,0,bin_dan_cu_02,9235.7
2025-03-24,0,0,1,bin_van_phong_01,10644.0
2025-03-24,0,0,1,bin_van_phong_02,11657.8
2025-03-24,0,0,0,bin_dan_cu_01,6044.5
2025-03-24,0,0,0,bin_dan_cu_02,6385.6
2025-03-25,1,0,1,bin_van_phong_01,11443.5
2025-03-25,1,0,1,bin_van_phong_02,11163.2
2025-03-25,1,0,0,bin_dan_cu_01,4996.2
2025-03-25,1,0,0,bin_dan_cu_02,4790.4
2025-03-26,2,0,1,bin_van_phong_01,11907.1
2025-03-26,2,0,1,bin_van_phong_02,11147.4
2025-03-26,2,0,0,bin_dan_cu_01,5869.7
2025-03-26,2,0,0,bin_dan_cu_02,5990.2
2025-03-27,3,0,1,bin_van_phong_01,10001.2
2025-03-27,3,0,1,bin_van_phong_02,10641.5
2025-03-27,3,0,0,bin_dan_cu_01,6146.1
2025-03-27,3,0,0,bin_dan_cu_02,4853.8
2025-03-28,4,0,1,bin_van_phong_01,10758.4
2025-03-28,4,0,1,bin_van_phong_02,10158.3
2025-03-28,4,0,0,bin_dan_cu_01,5976.3
2025-03-28,4,0,0,bin_dan_cu_02,4961.8
2025-03-29,5,1,1,bin_van_phong_01,1428.2
2025-03-29,5,1,1,bin_van_phong_02,1320.7
2025-03-29,5,1,0,bin_dan_cu_01,9592.7
2025-03-29,5,1,0,bin_dan_cu_02,9983.0
2025-03-30,6,1,1,bin_van_phong_01,1234.4
2025-03-30,6,1,1,bin_van_phong_02,1536.5
2025-03-30,6,1,0,bin_dan_cu_01,10263.4
2025-03-30,6,1,0,bin_dan_cu_02,11207.5
2025-03-31,0,0,1,bin_van_phong_01,11025.5
2025-03-31,0,0,1,bin_van_phong_02,9772.6
2025-03-31,0,0,0,bin_dan_cu_01,5415.7
2025-03-31,0,0,0,bin_dan_cu_02,4820.1
2025-04-01,1,0,1,bin_van_phong_01,11435.0
2025-04-01,1,0,1,bin_van_phong_02,9807.5
2025-04-01,1,0,0,bin_dan_cu_01,5153.8
2025-04-01,1,0,0,bin_dan_cu_02,5767.1
2025-04-02,2,0,1,bin_van_phong_01,9167.0
2025-04-02,2,0,1,bin_van_phong_02,10024.8
2025-04-02,2,0,0,bin_dan_cu_01,5180.5
2025-04-02,2,0,0,bin_dan_cu_02,5392.8
2025-04-03,3,0,1,bin_van_phong_01,10291.5
2025-04-03,3,0,1,bin_van_phong_02,9958.4
2025-04-03,3,0,0,bin_dan_cu_01,5281.3
2025-04-03,3,0,0,bin_dan_cu_02,5434.0
2025-04-04,4,0,1,bin_van_phong_01,10415.0
2025-04-04,4,0,1,bin_van_phong_02,9818.4
2025-04-04,4,0,0,bin_dan_cu_01,5910.1
2025-04-04,4,0,0,bin_dan_cu_02,5286.9
2025-04-05,5,1,1,bin_van_phong_01,1392.0
2025-04-05,5,1,1,bin_van_phong_02,1513.6
2025-04-05,5,1,0,bin_dan_cu_01,10259.5
2025-04-05,5,1,0,bin_dan_cu_02,8979.6
2025-04-06,6,1,1,bin_van_phong_01,1571.2
2025-04-06,6,1,1,bin_van_phong_02,1316.0
2025-04-06,6,1,0,bin_dan_cu_01,10434.5
2025-04-06,6,1,0,bin_dan_cu_02,9383.0
2025-04-07,0,0,1,bin_van_phong_01,10812.7
2025-04-07,0,0,1,bin_van_phong_02,11285.7
2025-04-07,0,0,0,bin_dan_cu_01,6291.5
2025-04-07,0,0,0,bin_dan_cu_02,5970.3
2025-04-08,1,0,1,bin_van_phong_01,9501.4
2025-04-08,1,0,1,bin_van_phong_02,9457.1
2025-04-08,1,0,0,bin_dan_cu_01,6225.7
2025-04-08,1,0,0,bin_dan_cu_02,4872.8
2025-04-09,2,0,1,bin_van_phong_01,10945.4
2025-04-09,2,0,1,bin_van_phong_02,9928.6
2025-04-09,2,0,0,bin_dan_cu_01,5827.5
2025-04-09,2,0,0,bin_dan_cu_02,5432.8
2025-04-10,3,0,1,bin_van_phong_01,11044.5
2025-04-10,3,0,1,bin_van_phong_02,9336.4
2025-04-10,3,0,0,bin_dan_cu_01,6022.6
2025-04-10,3,0,0,bin_dan_cu_02,6012.5
2025-04-11,4,0,1,bin_van_phong_01,10297.8
2025-04-11,4,0,1,bin_van_phong_02,9025.6
2025-04-11,4,0,0,bin_dan_cu_01,4830.8
2025-04-11,4,0,0,bin_dan_cu_02,6177.7
2025-04-12,5,1,1,bin_van_phong_01,1309.4
2025-04-12,5,1,1,bin_van_phong_02,1460.1
2025-04-12,5,1,0,bin_dan_cu_01,8830.0
2025-04-12,5,1,0,bin_dan_cu_02,9017.0
2025-04-13,6,1,1,bin_van_phong_01,1355.4
2025-04-13,6,1,1,bin_van_phong_02,1390.1
2025-04-13,6,1,0,bin_dan_cu_01,10840.8
2025-04-13,6,1,0,bin_dan_cu_02,10553.5
2025-04-14,0,0,1,bin_van_phong_01,9713.6
2025-04-14,0,0,1,bin_van_phong_02,10304.1
2025-04-14,0,0,0,bin_dan_cu_01,5251.4
2025-04-14,0,0,0,bin_dan_cu_02,5426.9
2025-04-15,1,0,1,bin_van_phong_01,9367.7
2025-04-15,1,0,1,bin_van_phong_02,11663.5
2025-04-15,1,0,0,bin_dan_cu_01,5286.2
2025-04-15,1,0,0,bin_dan_cu_02,5217.9
2025-04-16,2,0,1,bin_van_phong_01,11489.7
2025-04-16,2,0,1,bin_van_phong_02,10980.1
2025-04-16,2,0,0,bin_dan_cu_01,5615.8
2025-04-16,2,0,0,bin_dan_cu_02,5149.5
2025-04-17,3,0,1,bin_van_phong_01,9439.5
2025-04-17,3,0,1,bin_van_phong_02,9297.5
2025-04-17,3,0,0,bin_dan_cu_01,6044.6
2025-04-17,3,0,0,bin_dan_cu_02,6229.5
2025-04-18,4,0,1,bin_van_phong_01,10184.1
2025-04-18,4,0,1,bin_van_phong_02,11172.7
2025-04-18,4,0,0,bin_dan_cu_01,6255.3
2025-04-18,4,0,0,bin_dan_cu_02,5948.2
2025-04-19,5,1,1,bin_van_phong_01,1296.7
2025-04-19,5,1,1,bin_van_phong_02,1466.7
2025-04-19,5,1,0,bin_dan_cu_01,11164.3
2025-04-19,5,1,0,bin_dan_cu_02,9710.2
2025-04-20,6,1,1,bin_van_phong_01,1523.2
2025-04-20,6,1,1,bin_van_phong_02,1191.8
2025-04-20,6,1,0,bin_dan_cu_01,10026.0
2025-04-20,6,1,0,bin_dan_cu_02,10897.1
2025-04-21,0,0,1,bin_van_phong_01,9324.8
2025-04-21,0,0,1,bin_van_phong_02,10704.6
2025-04-21,0,0,0,bin_dan_cu_01,5558.4
2025-04-21,0,0,0,bin_dan_cu_02,5030.5
2025-04-22,1,0,1,bin_van_phong_01,11002.9
2025-04-22,1,0,1,bin_van_phong_02,9526.9
2025-04-22,1,0,0,bin_dan_cu_01,4984.0
2025-04-22,1,0,0,bin_dan_cu_02,4771.9
2025-04-23,2,0,1,bin_van_phong_01,12068.2
2025-04-23,2,0,1,bin_van_phong_02,9174.4
2025-04-23,2,0,0,bin_dan_cu_01,6197.6
2025-04-23,2,0,0,bin_dan_cu_02,5458.2
2025-04-24,3,0,1,bin_van_phong_01,9632.1
2025-04-24,3,0,1,bin_van_phong_02,9174.0
2025-04-24,3,0,0,bin_dan_cu_01,4832.2
2025-04-24,3,0,0,bin_dan_cu_02,5315.0
2025-04-25,4,0,1,bin_van_phong_01,9292.3
2025-04-25,4,0,1,bin_van_phong_02,11980.7
2025-04-25,4,0,0,bin_dan_cu_01,4770.3
2025-04-25,4,0,0,bin_dan_cu_02,4886.7
2025-04-26,5,1,1,bin_van_phong_01,1514.8
2025-04-26,5,1,1,bin_van_phong_02,1466.6
2025-04-26,5,1,0,bin_dan_cu_01,10333.1
2025-04-26,5,1,0,bin_dan_cu_02,9337.3
2025-04-27,6,1,1,bin_van_phong_01,1357.2
2025-04-27,6,1,1,bin_van_phong_02,1430.3
2025-04-27,6,1,0,bin_dan_cu_01,9735.9
2025-04-27,6,1,0,bin_dan_cu_02,9466.1
2025-04-28,0,0,1,bin_van_phong_01,11529.0
2025-04-28,0,0,1,bin_van_phong_02,11647.4
2025-04-28,0,0,0,bin_dan_cu_01,6025.2
2025-04-28,0,0,0,bin_dan_cu_02,5311.8
2025-04-29,1,0,1,bin_van_phong_01,11273.8
2025-04-29,1,0,1,bin_van_phong_02,11342.9
2025-04-29,1,0,0,bin_dan_cu_01,4860.9
2025-04-29,1,0,0,bin_dan_cu_02,5845.6
2025-04-30,2,0,1,bin_van_phong_01,9634.6
2025-04-30,2,0,1,bin_van_phong_02,9789.9
2025-04-30,2,0,0,bin_dan_cu_01,5302.8
2025-04-30,2,0,0,bin_dan_cu_02,5084.8
2025-05-01,3,0,1,bin_van_phong_01,11844.3
2025-05-01,3,0,1,bin_van_phong_02,10265.1
2025-05-01,3,0,0,bin_dan_cu_01,6324.0
2025-05-01,3,0,0,bin_dan_cu_02,5779.4
2025-05-02,4,0,1,bin_van_phong_01,10605.2
2025-05-02,4,0,1,bin_van_phong_02,11048.8
2025-05-02,4,0,0,bin_dan_cu_01,6328.0
2025-05-02,4,0,0,bin_dan_cu_02,5431.7
2025-05-03,5,1,1,bin_van_phong_01,1543.6
2025-05-03,5,1,1,bin_van_phong_02,1449.8
2025-05-03,5,1,0,bin_dan_cu_01,9806.6
2025-05-03,5,1,0,bin_dan_cu_02,8600.9
2025-05-04,6,1,1,bin_van_phong_01,1274.6
2025-05-04,6,1,1,bin_van_phong_02,1315.5
2025-05-04,6,1,0,bin_dan_cu_01,8611.8
2025-05-04,6,1,0,bin_dan_cu_02,9249.5
2025-05-05,0,0,1,bin_van_phong_01,10964.2
2025-05-05,0,0,1,bin_van_phong_02,9755.4
2025-05-05,0,0,0,bin_dan_cu_01,4961.5
2025-05-05,0,0,0,bin_dan_cu_02,6076.9
2025-05-06,1,0,1,bin_van_phong_01,10633.1
2025-05-06,1,0,1,bin_van_phong_02,11053.5
2025-05-06,1,0,0,bin_dan_cu_01,4779.1
2025-05-06,1,0,0,bin_dan_cu_02,6328.8
2025-05-07,2,0,1,bin_van_phong_01,11502.8
2025-05-07,2,0,1,bin_van_phong_02,10757.1
2025-05-07,2,0,0,bin_dan_cu_01,4935.1
2025-05-07,2,0,0,bin_dan_cu_02,5212.0
2025-05-08,3,0,1,bin_van_phong_01,9403.2
2025-05-08,3,0,1,bin_van_phong_02,10702.4
2025-05-08,3,0,0,bin_dan_cu_01,6118.7
2025-05-08,3,0,0,bin_dan_cu_02,6350.7
2025-05-09,4,0,1,bin_van_phong_01,12039.4
2025-05-09,4,0,1,bin_van_phong_02,10531.4
2025-05-09,4,0,0,bin_dan_cu_01,5587.5
2025-05-09,4,0,0,bin_dan_cu_02,5877.3
2025-05-10,5,1,1,bin_van_phong_01,1461.5
2025-05-10,5,1,1,bin_van_phong_02,1250.2
2025-05-10,5,1,0,bin_dan_cu_01,9879.9
2025-05-10,5,1,0,bin_dan_cu_02,9550.7
2025-05-11,6,1,1,bin_van_phong_01,1502.3
2025-05-11,6,1,1,bin_van_phong_02,1195.8
2025-05-11,6,1,0,bin_dan_cu_01,9959.6
2025-05-11,6,1,0,bin_dan_cu_02,8374.7
2025-05-12,0,0,1,bin_van_phong_01,9141.4
2025-05-12,0,0,1,bin_van_phong_02,9127.7
2025-05-12,0,0,0,bin_dan_cu_01,6047.3
2025-05-12,0,0,0,bin_dan_cu_02,6059.7
2025-05-13,1,0,1,bin_van_phong_01,12023.9
2025-05-13,1,0,1,bin_van_phong_02,9458.9
2025-05-13,1,0,0,bin_dan_cu_01,5072.4
2025-05-13,1,0,0,bin_dan_cu_02,5425.3
2025-05-14,2,0,1,bin_van_phong_01,10987.8
2025-05-14,2,0,1,bin_van_phong_02,11125.9
2025-05-14,2,0,0,bin_dan_cu_01,5111.5
2025-05-14,2,0,0,bin_dan_cu_02,4900.3
2025-05-15,3,0,1,bin_van_phong_01,10192.1
2025-05-15,3,0,1,bin_van_phong_02,9993.5
2025-05-15,3,0,0,bin_dan_cu_01,5986.0
2025-05-15,3,0,0,bin_dan_cu_02,5669.2
2025-05-16,4,0,1,bin_van_phong_01,10604.5
2025-05-16,4,0,1,bin_van_phong_02,9170.3
2025-05-16,4,0,0,bin_dan_cu_01,6424.6
2025-05-16,4,0,0,bin_dan_cu_02,5416.5
2025-05-17,5,1,1,bin_van_phong_01,1513.9
2025-05-17,5,1,1,bin_van_phong_02,1299.3
2025-05-17,5,1,0,bin_dan_cu_01,9106.8
2025-05-17,5,1,0,bin_dan_cu_02,8455.3
2025-05-18,6,1,1,bin_van_phong_01,1300.3
2025-05-18,6,1,1,bin_van_phong_02,1190.6
2025-05-18,6,1,0,bin_dan_cu_01,9317.8
2025-05-18,6,1,0,bin_dan_cu_02,8573.2
2025-05-19,0,0,1,bin_van_phong_01,9252.8
2025-05-19,0,0,1,bin_van_phong_02,10246.6
2025-05-19,0,0,0,bin_dan_cu_01,4773.6
2025-05-19,0,0,0,bin_dan_cu_02,6141.0
2025-05-20,1,0,1,bin_van_phong_01,9057.5
2025-05-20,1,0,1,bin_van_phong_02,9521.7
2025-05-20,1,0,0,bin_dan_cu_01,5583.1
2025-05-20,1,0,0,bin_dan_cu_02,5511.0
2025-05-21,2,0,1,bin_van_phong_01,10579.1
2025-05-21,2,0,1,bin_van_phong_02,10343.9
2025-05-21,2,0,0,bin_dan_cu_01,6347.7
2025-05-21,2,0,0,bin_dan_cu_02,5745.0
2025-05-22,3,0,1,bin_van_phong_01,10724.8
2025-05-22,3,0,1,bin_van_phong_02,11888.6
2025-05-22,3,0,0,bin_dan_cu_01,6409.6
2025-05-22,3,0,0,bin_dan_cu_02,5907.5
2025-05-23,4,0,1,bin_van_phong_01,10364.4
2025-05-23,4,0,1,bin_van_phong_02,10176.4
2025-05-23,4,0,0,bin_dan_cu_01,5185.5
2025-05-23,4,0,0,bin_dan_cu_02,5697.2
2025-05-24,5,1,1,bin_van_phong_01,1567.2
2025-05-24,5,1,1,bin_van_phong_02,1197.9
2025-05-24,5,1,0,bin_dan_cu_01,9774.4
2025-05-24,5,1,0,bin_dan_cu_02,10366.8
2025-05-25,6,1,1,bin_van_phong_01,1512.4
2025-05-25,6,1,1,bin_van_phong_02,1265.2
2025-05-25,6,1,0,bin_dan_cu_01,10834.7
2025-05-25,6,1,0,bin_dan_cu_02,10432.2
2025-05-26,0,0,1,bin_van_phong_01,10174.6
2025-05-26,0,0,1,bin_van_phong_02,11159.5
2025-05-26,0,0,0,bin_dan_cu_01,6144.9
2025-05-26,0,0,0,bin_dan_cu_02,5301.5
2025-05-27,1,0,1,bin_van_phong_01,11115.7
2025-05-27,1,0,1,bin_van_phong_02,11270.6
2025-05-27,1,0,0,bin_dan_cu_01,5430.0
2025-05-27,1,0,0,bin_dan_cu_02,6057.8
2025-05-28,2,0,1,bin_van_phong_01,11945.4
2025-05-28,2,0,1,bin_van_phong_02,8950.3
2025-05-28,2,0,0,bin_dan_cu_01,5406.0
2025-05-28,2,0,0,bin_dan_cu_02,6407.7
2025-05-29,3,0,1,bin_van_phong_01,9719.0
2025-05-29,3,0,1,bin_van_phong_02,9519.3
2025-05-29,3,0,0,bin_dan_cu_01,6411.1
2025-05-29,3,0,0,bin_dan_cu_02,5068.5
2025-05-30,4,0,1,bin_van_phong_01,9066.6
2025-05-30,4,0,1,bin_van_phong_02,9057.0
2025-05-30,4,0,0,bin_dan_cu_01,6349.5
2025-05-30,4,0,0,bin_dan_cu_02,5330.4
2025-05-31,5,1,1,bin_van_phong_01,1340.6
2025-05-31,5,1,1,bin_van_phong_02,1493.7
2025-05-31,5,1,0,bin_dan_cu_01,9748.3
2025-05-31,5,1,0,bin_dan_cu_02,8959.3
2025-06-01,6,1,1,bin_van_phong_01,1292.1
2025-06-01,6,1,1,bin_van_phong_02,1384.1
2025-06-01,6,1,0,bin_dan_cu_01,8672.6
2025-06-01,6,1,0,bin_dan_cu_02,8338.6
2025-06-02,0,0,1,bin_van_phong_01,9758.8
2025-06-02,0,0,1,bin_van_phong_02,9548.9
2025-06-02,0,0,0,bin_dan_cu_01,5350.1
2025-06-02,0,0,0,bin_dan_cu_02,6220.1
2025-06-03,1,0,1,bin_van_phong_01,11433.7
2025-06-03,1,0,1,bin_van_phong_02,11996.7
2025-06-03,1,0,0,bin_dan_cu_01,5962.5
2025-06-03,1,0,0,bin_dan_cu_02,6434.6
2025-06-04,2,0,1,bin_van_phong_01,9972.3
2025-06-04,2,0,1,bin_van_phong_02,9427.1
2025-06-04,2,0,0,bin_dan_cu_01,5489.9
2025-06-04,2,0,0,bin_dan_cu_02,6069.1
2025-06-05,3,0,1,bin_van_phong_01,11877.3
2025-06-05,3,0,1,bin_van_phong_02,10155.0
2025-06-05,3,0,0,bin_dan_cu_01,4860.2
2025-06-05,3,0,0,bin_dan_cu_02,6234.3
2025-06-06,4,0,1,bin_van_phong_01,11451.2
2025-06-06,4,0,1,bin_van_phong_02,8996.4
2025-06-06,4,0,0,bin_dan_cu_01,6157.1
2025-06-06,4,0,0,bin_dan_cu_02,5819.4
2025-06-07,5,1,1,bin_van_phong_01,1249.3
2025-06-07,5,1,1,bin_van_phong_02,1519.1
2025-06-07,5,1,0,bin_dan_cu_01,8361.2
2025-06-07,5,1,0,bin_dan_cu_02,10938.2
2025-06-08,6,1,1,bin_van_phong_01,1282.8
2025-06-08,6,1,1,bin_van_phong_02,1526.8
2025-06-08,6,1,0,bin_dan_cu_01,8706.3
2025-06-08,6,1,0,bin_dan_cu_02,8609.6
2025-06-09,0,0,1,bin_van_phong_01,9221.6
2025-06-09,0,0,1,bin_van_phong_02,11275.5
2025-06-09,0,0,0,bin_dan_cu_01,5483.1
2025-06-09,0,0,0,bin_dan_cu_02,6303.0
2025-06-10,1,0,1,bin_van_phong_01,10290.5
2025-06-10,1,0,1,bin_van_phong_02,9808.8
2025-06-10,1,0,0,bin_dan_cu_01,5779.3
2025-06-10,1,0,0,bin_dan_cu_02,6110.3
2025-06-11,2,0,1,bin_van_phong_01,9487.1
2025-06-11,2,0,1,bin_van_phong_02,10944.4
2025-06-11,2,0,0,bin_dan_cu_01,5593.7
2025-06-11,2,0,0,bin_dan_cu_02,6142.9
2025-06-12,3,0,1,bin_van_phong_01,12019.3
2025-06-12,3,0,1,bin_van_phong_02,9459.9
2025-06-12,3,0,0,bin_dan_cu_01,4974.2
2025-06-12,3,0,0,bin_dan_cu_02,5077.2
2025-06-13,4,0,1,bin_van_phong_01,11094.2
2025-06-13,4,0,1,bin_van_phong_02,9100.6
2025-06-13,4,0,0,bin_dan_cu_01,5608.7
2025-06-13,4,0,0,bin_dan_cu_02,5085.1
2025-06-14,5,1,1,bin_van_phong_01,1494.7
2025-06-14,5,1,1,bin_van_phong_02,1373.0
2025-06-14,5,1,0,bin_dan_cu_01,9125.6
2025-06-14,5,1,0,bin_dan_cu_02,8558.7
2025-06-15,6,1,1,bin_van_phong_01,1372.0
2025-06-15,6,1,1,bin_van_phong_02,1550.3
2025-06-15,6,1,0,bin_dan_cu_01,10921.8
2025-06-15,6,1,0,bin_dan_cu_02,10879.8
2025-06-16,0,0,1,bin_van_phong_01,10652.2
2025-06-16,0,0,1,bin_van_phong_02,9836.0
2025-06-16,0,0,0,bin_dan_cu_01,5569.4
2025-06-16,0,0,0,bin_dan_cu_02,5972.8
2025-06-17,1,0,1,bin_van_phong_01,10399.9
2025-06-17,1,0,1,bin_van_phong_02,10827.7
2025-06-17,1,0,0,bin_dan_cu_01,6203.0
2025-06-17,1,0,0,bin_dan_cu_02,5928.2
2025-06-18,2,0,1,bin_van_phong_01,8955.5
2025-06-18,2,0,1,bin_van_phong_02,11056.6
2025-06-18,2,0,0,bin_dan_cu_01,5913.0
2025-06-18,2,0,0,bin_dan_cu_02,4969.2
2025-06-19,3,0,1,bin_van_phong_01,9244.4
2025-06-19,3,0,1,bin_van_phong_02,11614.2
2025-06-19,3,0,0,bin_dan_cu_01,4903.4
2025-06-19,3,0,0,bin_dan_cu_02,5027.2
2025-06-20,4,0,1,bin_van_phong_01,9203.5
2025-06-20,4,0,1,bin_van_phong_02,10491.4
2025-06-20,4,0,0,bin_dan_cu_01,6286.9
2025-06-20,4,0,0,bin_dan_cu_02,6205.9
2025-06-21,5,1,1,bin_van_phong_01,1469.1
2025-06-21,5,1,1,bin_van_phong_02,1433.8
2025-06-21,5,1,0,bin_dan_cu_01,10437.7
2025-06-21,5,1,0,bin_dan_cu_02,10076.2
2025-06-22,6,1,1,bin_van_phong_01,1421.8
2025-06-22,6,1,1,bin_van_phong_02,1426.4
2025-06-22,6,1,0,bin_dan_cu_01,9044.3
2025-06-22,6,1,0,bin_dan_cu_02,9766.5
2025-06-23,0,0,1,bin_van_phong_01,10264.7
2025-06-23,0,0,1,bin_van_phong_02,10384.7
2025-06-23,0,0,0,bin_dan_cu_01,5122.4
2025-06-23,0,0,0,bin_dan_cu_02,6107.0
2025-06-24,1,0,1,bin_van_phong_01,10874.5
2025-06-24,1,0,1,bin_van_phong_02,10355.7
2025-06-24,1,0,0,bin_dan_cu_01,5935.6
2025-06-24,1,0,0,bin_dan_cu_02,5347.8
2025-06-25,2,0,1,bin_van_phong_01,8965.4
2025-06-25,2,0,1,bin_van_phong_02,9108.1
2025-06-25,2,0,0,bin_dan_cu_01,5245.3
2025-06-25,2,0,0,bin_dan_cu_02,5767.0
2025-06-26,3,0,1,bin_van_phong_01,9631.6
2025-06-26,3,0,1,bin_van_phong_02,11659.4
2025-06-26,3,0,0,bin_dan_cu_01,5522.2
2025-06-26,3,0,0,bin_dan_cu_02,5829.7
2025-06-27,4,0,1,bin_van_phong_01,11873.5
2025-06-27,4,0,1,bin_van_phong_02,10898.7
2025-06-27,4,0,0,bin_dan_cu_01,6202.1
2025-06-27,4,0,0,bin_dan_cu_02,5862.4
2025-06-28,5,1,1,bin_van_phong_01,1277.1
2025-06-28,5,1,1,bin_van_phong_02,1291.9
2025-06-28,5,1,0,bin_dan_cu_01,10717.1
2025-06-28,5,1,0,bin_dan_cu_02,9217.1
2025-06-29,6,1,1,bin_van_phong_01,1327.2
2025-06-29,6,1,1,bin_van_phong_02,1357.2
2025-06-29,6,1,0,bin_dan_cu_01,8511.2
2025-06-29,6,1,0,bin_dan_cu_02,8643.6
